# Fecha,IDI
2019-10-28,0.0001
2019-10-29,0.00010589
2019-10-30,0.00011541
2019-10-31,0.00011936
2019-11-01,0.00011442
2019-11-05,0.00010997
2019-11-06,0.00011106
2019-11-07,0.00011505
2019-11-08,0.00011845
2019-11-11,0.00012581
2019-11-12,0.00013093
2019-11-13,0.0001367
2019-11-14,0.00014642
2019-11-15,0.00014709
2019-11-18,0.00014365
2019-11-19,0.00014156
2019-11-20,0.0001488
2019-11-21,0.00015692
2019-11-22,0.00015738
2019-11-25,0.00015957
2019-11-26,0.00016315
2019-11-27,0.00017341
2019-11-28,0.00017959
2019-11-29,0.00018678
2019-12-02,0.00019058
2019-12-03,0.00018385
2019-12-04,0.00018801
2019-12-05,0.0001953
2019-12-06,0.00020375
2019-12-09,0.00020576
2019-12-10,0.00021341
2019-12-11,0.0002181
2019-12-12,0.00022555
2019-12-13,0.00022632
2019-12-16,0.00022638
2019-12-17,0.00022668
2019-12-18,0.00022952
2019-12-19,0.00023439
2019-12-20,0.0002306
2019-12-23,0.0002282
2019-12-26,0.00022271
2019-12-27,0.00022126
2019-12-30,0.00022428
2020-01-02,0.00022793
2020-01-03,0.00023814
2020-01-07,0.00026616
2020-01-08,0.0002774
2020-01-09,0.00029818
2020-01-10,0.00030458
2020-01-13,0.00032861
2020-01-14,0.00033154
2020-01-15,0.00034553
2020-01-16,0.00034813
2020-01-17,0.00035312
2020-01-21,0.00036246
2020-01-22,0.000359
2020-01-23,0.00036032
2020-01-24,0.00036297
2020-01-27,0.00036508
2020-01-28,0.00036395
2020-01-29,0.00036534
2020-01-30,0.0003662
2020-01-31,0.00036662
2020-02-03,0.00036191
2020-02-04,0.00035661
2020-02-05,0.00035856
2020-02-06,0.00035986
2020-02-07,0.00035989
2020-02-10,0.000359
2020-02-11,0.00035713
2020-02-12,0.00035774
2020-02-13,0.00035927
2020-02-14,0.00035974
2020-02-17,0.00035882
2020-02-18,0.0003592
2020-02-19,0.00036067
2020-02-20,0.00036061
2020-02-21,0.00036074
2020-02-26,0.00035861
2020-02-27,0.00035984
2020-02-28,0.00036008
2020-03-02,0.00036223
2020-03-03,0.00036172
2020-03-04,0.00036095
2020-03-05,0.00036009
2020-03-06,0.00035784
2020-03-09,0.00035799
2020-03-10,0.00035814
2020-03-11,0.00035853
2020-03-12,0.00036007
2020-03-13,0.00036026
2020-03-16,0.00036218
2020-03-17,0.0003625
2020-03-18,0.00036182
2020-03-20,0.00035328
2020-03-23,0.00034574
2020-03-24,0.00034172
2020-03-25,0.00034641
2020-03-26,0.00034813
2020-03-27,0.00036095
2020-03-30,0.00038082
2020-03-31,0.00039244
2020-04-01,0.00039574
2020-04-02,0.00040762
2020-04-03,0.00041406
2020-04-06,0.00042367
2020-04-07,0.00044896
2020-04-08,0.00047243
2020-04-13,0.00049369
2020-04-14,0.00051777
2020-04-15,0.00055653
2020-04-16,0.00059088
2020-04-17,0.00061589
2020-04-20,0.00061392
2020-04-21,0.000626
2020-04-22,0.00063113
2020-04-23,0.00070869
2020-04-24,0.00083882
2020-04-27,0.00083637
2020-04-28,0.0008328
2020-04-29,0.00085879
2020-04-30,0.00086321
2020-05-04,0.00086308
2020-05-05,0.00085759
2020-05-06,0.00084029
2020-05-07,0.00082801
2020-05-08,0.00084556
2020-05-11,0.00087522
2020-05-12,0.00087563
2020-05-13,0.00087284
2020-05-14,0.00087532
2020-05-15,0.0008882
2020-05-18,0.00089491
2020-05-19,0.00089633
2020-05-20,0.00089387
2020-05-21,0.00089729
2020-05-22,0.00091976
2020-05-26,0.00094554
2020-05-27,0.00094584
2020-05-28,0.00095848
2020-05-29,0.00096417
2020-06-01,0.00096855
2020-06-02,0.00096701
2020-06-03,0.00096405
2020-06-04,0.00096564
2020-06-05,0.0009712
2020-06-08,0.00097305
2020-06-09,0.00096892
2020-06-10,0.00096749
2020-06-11,0.00098349
2020-06-12,0.00098984
2020-06-15,0.00099372
2020-06-16,0.00099493
2020-06-17,0.00099558
2020-06-18,0.00099469
2020-06-19,0.00099189
2020-06-22,0.00099167
2020-06-23,0.00098629
2020-06-25,0.00098738
2020-06-26,0.00098833
2020-06-30,0.00098919
2020-07-01,0.00099939
2020-07-02,0.00100237
2020-07-03,0.00100582
2020-07-06,0.00101187
2020-07-07,0.00101554
2020-07-08,0.00101796
2020-07-09,0.00103487
2020-07-10,0.00104627
2020-07-13,0.00105598
2020-07-14,0.00106044
2020-07-15,0.00107459
2020-07-16,0.00108038
2020-07-17,0.00109426
2020-07-20,0.00110813
2020-07-21,0.00111888
2020-07-22,0.00113301
2020-07-23,0.00115971
2020-07-27,0.00118298
2020-07-28,0.00119807
2020-07-29,0.00122019
2020-07-30,0.00122068
2020-07-31,0.00126313
2020-08-03,0.00126671
2020-08-04,0.00128365
2020-08-05,0.00128614
2020-08-06,0.00129849
2020-08-07,0.00132506
2020-08-10,0.00135932
2020-08-11,0.0013914
2020-08-12,0.00138907
2020-08-13,0.00138848
2020-08-14,0.00140493
2020-08-17,0.00144056
2020-08-18,0.00141915
2020-08-19,0.00143015
2020-08-20,0.00145089
2020-08-21,0.00148398
2020-08-24,0.00149334
2020-08-25,0.00149728
2020-08-26,0.00150575
2020-08-27,0.00152947
2020-08-28,0.00154779
2020-08-31,0.00158701
2020-09-01,0.00160235
2020-09-02,0.00161117
2020-09-03,0.0016379
2020-09-04,0.00165627
2020-09-07,0.00170835
2020-09-08,0.00173921
2020-09-09,0.00175442
2020-09-10,0.00176254
2020-09-11,0.0017642
2020-09-15,0.00177549
2020-09-16,0.001789
2020-09-17,0.00179046
2020-09-18,0.00180562
2020-09-21,0.00182962
2020-09-22,0.00183488
2020-09-23,0.00189138
2020-09-24,0.0019171
2020-09-25,0.00195263
2020-09-28,0.00202588
2020-09-29,0.00205919
2020-09-30,0.00210552
2020-10-01,0.00213489
2020-10-02,0.00213673
2020-10-05,0.00214389
2020-10-06,0.00214024
2020-10-07,0.00215467
2020-10-08,0.00215939
2020-10-09,0.00220054
2020-10-13,0.0022113
2020-10-14,0.00221417
2020-10-15,0.00220354
2020-10-16,0.0022042
2020-10-19,0.00221393
2020-10-20,0.00222597
2020-10-21,0.00223386
2020-10-22,0.00223543
2020-10-23,0.00224869
2020-10-26,0.00226073
2020-10-27,0.0022699
2020-10-28,0.00230362
2020-10-29,0.00238687
2020-10-30,0.00247646
2020-11-02,0.00253777
2020-11-03,0.0025223
2020-11-04,0.00252872
2020-11-05,0.00253388
2020-11-06,0.00257882
2020-11-09,0.00261728
2020-11-10,0.0026191
2020-11-11,0.00268131
2020-11-12,0.00279463
2020-11-13,0.00296992
2020-11-16,0.00315984
2020-11-17,0.00325952
2020-11-18,0.00328036
2020-11-19,0.00333013
2020-11-20,0.00347458
2020-11-24,0.00382328
2020-11-25,0.00448678
2020-11-26,0.00452475
2020-11-27,0.00476273
2020-11-30,0.0050644
2020-12-01,0.00513736
2020-12-02,0.00508413
2020-12-03,0.00493981
2020-12-04,0.00503098
2020-12-07,0.00531008
2020-12-08,0.00530106
2020-12-09,0.00528643
2020-12-10,0.00527969
2020-12-11,0.00530133
2020-12-15,0.00539468
2020-12-16,0.00531685
2020-12-17,0.00525778
2020-12-18,0.00513599
2020-12-21,0.00519392
2020-12-22,0.00522805
2020-12-23,0.00519922
2020-12-28,0.005074
2020-12-29,0.00506803
2020-12-30,0.00532435
2021-01-04,0.00541303
2021-01-05,0.00545005
2021-01-06,0.00574448
2021-01-07,0.0060193
2021-01-08,0.00644197
2021-01-12,0.00717815
2021-01-13,0.00735664
2021-01-14,0.00731175
2021-01-15,0.00733496
2021-01-19,0.00757265
2021-01-20,0.00760388
2021-01-21,0.00763351
2021-01-22,0.00807544
2021-01-25,0.00850071
2021-01-26,0.00846793
2021-01-27,0.00873503
2021-01-28,0.00891603
2021-01-29,0.00891562
2021-02-01,0.00890538
2021-02-02,0.00882582
2021-02-03,0.00875223
2021-02-04,0.00875085
2021-02-05,0.00893898
2021-02-08,0.00898306
2021-02-09,0.00886103
2021-02-10,0.00881876
2021-02-11,0.00874264
2021-02-12,0.00864442
2021-02-17,0.00844955
2021-02-18,0.00841528
2021-02-19,0.00841107
2021-02-22,0.00859285
2021-02-23,0.00881819
2021-02-24,0.00894517
2021-02-25,0.00915529
2021-02-26,0.00914898
2021-03-01,0.00912089
2021-03-02,0.00912208
2021-03-03,0.00910934
2021-03-04,0.00911811
2021-03-05,0.00916484
2021-03-08,0.00923612
2021-03-09,0.00923051
2021-03-10,0.00920035
2021-03-11,0.00916417
2021-03-12,0.00908735
2021-03-15,0.00903755
2021-03-16,0.0089335
2021-03-17,0.00890923
2021-03-18,0.008822
2021-03-22,0.00882452
2021-03-23,0.00890673
2021-03-24,0.00893656
2021-03-25,0.00902465
2021-03-26,0.00905908
2021-03-29,0.00924048
2021-03-30,0.00944142
2021-03-31,0.00962176
2021-04-05,0.00971524
2021-04-06,0.0101243
2021-04-07,0.01016275
2021-04-08,0.01031559
2021-04-09,0.01047464
2021-04-12,0.01093082
2021-04-13,0.01119807
2021-04-14,0.01141561
2021-04-15,0.01131871
2021-04-16,0.01164446
2021-04-20,0.01155544
2021-04-21,0.01206328
2021-04-22,0.01231199
2021-04-23,0.01225331
2021-04-26,0.0129452
2021-04-27,0.01330442
2021-04-28,0.01314555
2021-04-29,0.013321
2021-04-30,0.01342579
2021-05-03,0.01380088
2021-05-04,0.01367374
2021-05-05,0.01388685
2021-05-06,0.01401331
2021-05-07,0.01399211
2021-05-10,0.01392181
2021-05-11,0.01386784
2021-05-12,0.01381069
2021-05-13,0.01386033
2021-05-14,0.01422607
2021-05-17,0.01450393
2021-05-18,0.01433414
2021-05-19,0.01444607
2021-05-20,0.01479849
2021-05-21,0.01491141
2021-05-25,0.01488748
2021-05-26,0.01493842
2021-05-27,0.01501045
2021-05-28,0.01499296
2021-05-31,0.01515996
2021-06-01,0.01523281
2021-06-02,0.01523001
2021-06-03,0.01514266
2021-06-04,0.01516157
2021-06-07,0.01522377
2021-06-08,0.01520971
2021-06-09,0.01529116
2021-06-10,0.01527023
2021-06-11,0.01532021
2021-06-15,0.01525559
2021-06-16,0.0152195
2021-06-17,0.01518035
2021-06-18,0.01522324
2021-06-21,0.01534444
2021-06-22,0.01538697
2021-06-23,0.0155396
2021-06-25,0.01556354
2021-06-29,0.01562949
2021-06-30,0.01566457
2021-07-01,0.01574533
2021-07-02,0.01587109
2021-07-06,0.01584925
2021-07-07,0.01585832
2021-07-08,0.01587598
2021-07-09,0.01594128
2021-07-12,0.01601582
2021-07-13,0.01608993
2021-07-14,0.0162394
2021-07-15,0.0165816
2021-07-16,0.01683457
2021-07-19,0.01734737
2021-07-20,0.01769071
2021-07-21,0.01782965
2021-07-22,0.01815119
2021-07-23,0.01844938
2021-07-26,0.01850297
2021-07-27,0.01899753
2021-07-28,0.01950124
2021-07-29,0.01973489
2021-07-30,0.01947352
2021-08-02,0.01963228
2021-08-03,0.01964619
2021-08-04,0.01971763
2021-08-05,0.01973274
2021-08-06,0.01975518
2021-08-09,0.01989226
2021-08-10,0.01994875
2021-08-11,0.0200178
2021-08-12,0.02012806
2021-08-13,0.02011002
2021-08-16,0.02021818
2021-08-17,0.020096
2021-08-18,0.02019215
2021-08-19,0.01997316
2021-08-20,0.02015333
2021-08-23,0.02015939
2021-08-24,0.02018969
2021-08-25,0.02015054
2021-08-26,0.02027593
2021-08-27,0.02023955
2021-08-30,0.02021236
2021-08-31,0.02026225
2021-09-01,0.0201768
2021-09-02,0.02004521
2021-09-03,0.01998179
2021-09-06,0.01984319
2021-09-07,0.01991202
2021-09-08,0.01990713
2021-09-09,0.0199001
2021-09-10,0.01996914
2021-09-13,0.01983704
2021-09-14,0.01953629
2021-09-15,0.01971054
2021-09-16,0.01966959
2021-09-17,0.01979345
2021-09-20,0.01976029
2021-09-21,0.01976991
2021-09-22,0.01968444
2021-09-23,0.01971286
2021-09-24,0.0197556
2021-09-27,0.0200653
2021-09-28,0.02025357
2021-09-29,0.02023348
2021-10-04,0.02044451
2021-10-05,0.0204138
2021-10-06,0.02050669
2021-10-07,0.02036491
2021-10-08,0.02031407
2021-10-11,0.02035807
2021-10-13,0.02035367
2021-10-14,0.02044362
2021-10-15,0.02034731
2021-10-18,0.02023633
2021-10-19,0.02029402
2021-10-20,0.02032042
2021-10-21,0.02040891
2021-10-22,0.02058785
2021-10-25,0.02072327
2021-10-26,0.0208895
2021-10-27,0.0209951
2021-10-28,0.02114176
2021-10-29,0.02145319
2021-11-02,0.02140332
2021-11-03,0.02155879
2021-11-04,0.02170106
2021-11-05,0.02162577
2021-11-08,0.02173137
2021-11-09,0.02169617
2021-11-10,0.02175631
2021-11-11,0.02190151
2021-11-12,0.02186533
2021-11-15,0.0219064
2021-11-16,0.02194306
2021-11-17,0.02211907
2021-11-18,0.02214058
2021-11-19,0.0224212
2021-11-23,0.02221293
2021-11-24,0.02221196
2021-11-25,0.02231316
2021-11-26,0.02240507
2021-11-29,0.02256445
2021-11-30,0.02252729
2021-12-01,0.02259476
2021-12-02,0.02264658
2021-12-03,0.02272187
2021-12-06,0.02267494
2021-12-07,0.02265196
2021-12-08,0.02262703
2021-12-09,0.02267445
2021-12-10,0.02266174
2021-12-14,0.02267592
2021-12-15,0.0225928
2021-12-16,0.02252387
2021-12-17,0.0225532
2021-12-20,0.02256592
2021-12-21,0.02248965
2021-12-22,0.02249405
2021-12-23,0.02240556
2021-12-27,0.02241045
2021-12-28,0.02234347
2021-12-29,0.02238454
2021-12-30,0.0224388
2022-01-03,0.02247547
2022-01-04,0.02242902
2022-01-05,0.02250823
2022-01-06,0.02248965
2022-01-07,0.0225972
2022-01-11,0.02266761
2022-01-12,0.02270574
2022-01-13,0.02267494
2022-01-14,0.02266467
2022-01-18,0.02264365
2022-01-19,0.02263289
2022-01-20,0.02266761
2022-01-21,0.02256494
2022-01-24,0.02252338
2022-01-25,0.02243049
2022-01-26,0.02244565
2022-01-27,0.02240947
2022-01-28,0.02236987
2022-01-31,0.0222408
2022-02-01,0.02218409
2022-02-02,0.02213471
2022-02-03,0.02212151
2022-02-04,0.02212884
2022-02-07,0.02210733
2022-02-08,0.02203351
2022-02-09,0.02197191
2022-02-10,0.0219548
2022-02-11,0.02183013
2022-02-14,0.0218228
2022-02-15,0.02171182
2022-02-16,0.02171279
2022-02-17,0.02169177
2022-02-18,0.02152701
2022-02-21,0.02161306
2022-02-22,0.0215495
2022-02-23,0.02123123
2022-02-24,0.02145221
2022-02-25,0.02141603
2022-03-02,0.02144244
2022-03-03,0.02135346
2022-03-04,0.02135688
2022-03-07,0.02115252
2022-03-08,0.02117012
2022-03-09,0.02117892
2022-03-10,0.0211579
2022-03-11,0.0211711
2022-03-14,0.02064749
2022-03-15,0.02074038
2022-03-16,0.02087434
2022-03-17,0.02097554
2022-03-18,0.02099803
2022-03-21,0.0210655
2022-03-22,0.0210127
2022-03-23,0.02106696
2022-03-24,0.02115399
2022-03-25,0.02122732
2022-03-28,0.02133634
2022-03-29,0.02136128
2022-03-30,0.02136372
2022-03-31,0.02139941
2022-04-01,0.02141603
2022-04-04,0.02155146
2022-04-05,0.02157248
2022-04-06,0.02160328
2022-04-07,0.02157199
2022-04-08,0.02160377
2022-04-11,0.0216199
2022-04-12,0.02163262
2022-04-13,0.02168199
2022-04-18,0.02169422
2022-04-20,0.02172746
2022-04-21,0.02173088
2022-04-22,0.02169617
2022-04-25,0.0216947
2022-04-26,0.02170155
2022-04-27,0.02175093
2022-04-28,0.021836
2022-04-29,0.02193524
2022-05-02,0.02198315
2022-05-03,0.02203498
2022-05-04,0.02211124
2022-05-05,0.02223151
2022-05-06,0.02229605
2022-05-09,0.02237329
2022-05-10,0.02241191
2022-05-11,0.0225224
2022-05-12,0.02270036
2022-05-13,0.02306605
2022-05-16,0.02332272
2022-05-17,0.02339264
2022-05-18,0.02349042
2022-05-19,0.02362193
2022-05-20,0.02393238
2022-05-23,0.02417731
2022-05-24,0.02413576
2022-05-25,0.02424185
2022-05-26,0.02450732
2022-05-27,0.02458016
2022-05-31,0.02477132
2022-06-01,0.02476203
2022-06-02,0.02488768
2022-06-03,0.02503532
2022-06-06,0.02518444
2022-06-07,0.02519715
2022-06-08,0.02523235
2022-06-09,0.02541275
2022-06-10,0.0256836
2022-06-14,0.02596324
2022-06-15,0.0259652
2022-06-16,0.02622529
2022-06-17,0.0265025
2022-06-21,0.02672445
2022-06-22,0.02667996
2022-06-23,0.02674303
2022-06-27,0.02692686
2022-06-28,0.02678361
2022-06-29,0.02695326
2022-06-30,0.02705837
2022-07-01,0.02706961
2022-07-06,0.02715908
2022-07-07,0.02713366
2022-07-08,0.02725393
2022-07-11,0.02743775
2022-07-12,0.02737762
2022-07-13,0.02747295
2022-07-14,0.02765678
2022-07-15,0.02775798
2022-07-18,0.02786211
2022-07-19,0.02777069
2022-07-20,0.02787287
2022-07-21,0.02800634
2022-07-22,0.02801905
2022-07-25,0.02802687
2022-07-26,0.02796967
2022-07-27,0.02808994
2022-07-28,0.02821509
2022-07-29,0.02827572
2022-08-01,0.02832363
2022-08-02,0.02824296
2022-08-03,0.0283427
2022-08-04,0.02831092
2022-08-05,0.02855488
2022-08-08,0.02867954
2022-08-09,0.02860914
2022-08-10,0.02883012
2022-08-11,0.02896653
2022-08-12,0.02907995
2022-08-16,0.0292276
2022-08-17,0.02918702
2022-08-18,0.02921635
2022-08-19,0.02979422
2022-08-22,0.03021418
2022-08-23,0.03051486
2022-08-24,0.0307109
2022-08-25,0.0342945
2022-08-26,0.03830979
2022-08-29,0.03838166
2022-08-30,0.03823988
2022-08-31,0.03840415
2022-09-01,0.03858455
2022-09-02,0.03866082
2022-09-05,0.03893753
2022-09-06,0.03884122
2022-09-07,0.03902162
2022-09-08,0.03905242
2022-09-09,0.03912576
2022-09-12,0.03903091
2022-09-13,0.03899571
2022-09-14,0.03913114
2022-09-15,0.03925532
2022-09-16,0.039247
2022-09-19,0.03935994
2022-09-20,0.03924603
2022-09-21,0.03935407
2022-09-22,0.03958043
2022-09-23,0.03966892
2022-09-26,0.03968848
2022-09-27,0.03960928
2022-09-28,0.03980532
2022-09-29,0.0398327
2022-09-30,0.04000968
2022-10-03,0.04010697
2022-10-04,0.03994955
2022-10-05,0.04005173
2022-10-06,0.0401319
2022-10-07,0.04013924
2022-10-10,0.04025853
2022-10-11,0.04014462
2022-10-13,0.04042231
2022-10-14,0.04041693
2022-10-17,0.0406164
2022-10-18,0.04049906
2022-10-19,0.04096351
2022-10-20,0.04093027
2022-10-21,0.04103294
2022-10-25,0.04110432
2022-10-26,0.04111409
2022-10-27,0.04131552
2022-10-28,0.04168023
2022-11-01,0.04200486
2022-11-02,0.04191979
2022-11-03,0.04227033
2022-11-04,0.04235589
2022-11-07,0.04290149
2022-11-08,0.04268589
2022-11-09,0.0431655
2022-11-10,0.04366221
2022-11-11,0.04409684
2022-11-14,0.04543299
2022-11-15,0.04553224
2022-11-16,0.04609935
2022-11-17,0.04674567
2022-11-18,0.0478848
2022-11-22,0.04878534
2022-11-23,0.04883423
2022-11-24,0.05003642
2022-11-25,0.05089101
2022-11-28,0.0524369
2022-11-29,0.05283095
2022-11-30,0.05355598
2022-12-01,0.05416416
2022-12-02,0.05502413
2022-12-05,0.0571606
2022-12-06,0.05641357
2022-12-07,0.05798683
2022-12-08,0.06190141
2022-12-09,0.06647306
2022-12-13,0.06905687
2022-12-14,0.07218336
2022-12-15,0.07448507
2022-12-16,0.07612874
2022-12-19,0.07708306
2022-12-20,0.07822609
2022-12-21,0.07842752
2022-12-22,0.07909193
2022-12-23,0.08043443
2022-12-26,0.08099177
2022-12-27,0.08099324
2022-12-28,0.08214801
2022-12-29,0.08368509
2022-12-30,0.08447466
2023-01-02,0.0855028
2023-01-03,0.08584552
2023-01-04,0.08733763
2023-01-05,0.08772825
2023-01-06,0.08993023
2023-01-10,0.09100189
2023-01-11,0.09195719
2023-01-12,0.09314961
2023-01-13,0.09425109
2023-01-16,0.09509981
2023-01-17,0.09613529
2023-01-18,0.09764451
2023-01-19,0.09770317
2023-01-20,0.09922021
2023-01-23,0.1003564
2023-01-24,0.10136744
2023-01-25,0.10352053
2023-01-26,0.10422698
2023-01-27,0.10622265
2023-01-30,0.1074048
2023-01-31,0.10731827
2023-02-01,0.10938385
2023-02-02,0.10969869
2023-02-03,0.11088524
2023-02-06,0.11198721
2023-02-07,0.11317278
2023-02-08,0.11544125
2023-02-09,0.1164034
2023-02-10,0.1183052
2023-02-13,0.11831253
2023-02-14,0.11857213
2023-02-15,0.11901214
2023-02-16,0.11912018
2023-02-17,0.11922872
2023-02-22,0.11929716
2023-02-23,0.11924828
2023-02-24,0.11914756
2023-02-27,0.11937001
2023-02-28,0.11911187
2023-03-01,0.11909916
2023-03-02,0.11908058
2023-03-03,0.1190801
2023-03-06,0.11888356
2023-03-07,0.11867431
2023-03-08,0.11809595
2023-03-09,0.11816293
2023-03-10,0.11799475
2023-03-13,0.11804804
2023-03-14,0.11791261
2023-03-15,0.11733621
2023-03-16,0.11766572
2023-03-17,0.11794977
2023-03-20,0.11832915
2023-03-21,0.11840884
2023-03-22,0.11851542
2023-03-23,0.1183316
2023-03-24,0.11884689
2023-03-27,0.11929814
2023-03-28,0.11924974
2023-03-29,0.11936414
2023-03-30,0.11971761
2023-03-31,0.11976357
2023-04-03,0.11990437
2023-04-04,0.11972886
2023-04-05,0.11949272
2023-04-10,0.11972006
2023-04-11,0.1192517
2023-04-12,0.11964917
2023-04-13,0.11972006
2023-04-14,0.11998406
2023-04-17,0.12014051
2023-04-18,0.12007842
2023-04-20,0.12008869
2023-04-21,0.12015371
2023-04-24,0.12050473
2023-04-25,0.12033998
2023-04-26,0.12052869
2023-04-27,0.12042456
2023-04-28,0.12090563
2023-05-02,0.12100292
2023-05-03,0.12132217
2023-05-04,0.12160035
2023-05-05,0.12236987
2023-05-08,0.12250578
2023-05-09,0.1224168
2023-05-10,0.12282796
2023-05-11,0.1230993
2023-05-12,0.123927
2023-05-15,0.12435038
2023-05-16,0.12461487
2023-05-17,0.12539124
2023-05-18,0.12619449
2023-05-19,0.12663792
2023-05-23,0.12713953
2023-05-24,0.12711997
2023-05-25,0.12729353
2023-05-26,0.12774576
2023-05-29,0.1284395
2023-05-30,0.12835834
2023-05-31,0.12791393
2023-06-01,0.12841799
2023-06-02,0.12939675
2023-06-05,0.13002792
2023-06-06,0.12937377
2023-06-07,0.13020685
2023-06-08,0.13055348
2023-06-09,0.13130295
2023-06-13,0.13210425
2023-06-14,0.13208959
2023-06-15,0.13251639
2023-06-16,0.13285079
2023-06-20,0.13336071
2023-06-21,0.13324484
2023-06-22,0.13346827
2023-06-23,0.13465139
2023-06-26,0.13498189
2023-06-27,0.13501758
2023-06-28,0.13550011
2023-06-29,0.13609559
2023-06-30,0.13617968
2023-07-04,0.13696973
2023-07-06,0.13769623
2023-07-07,0.13824379
2023-07-10,0.13838068
2023-07-11,0.13790059
2023-07-12,0.13863491
2023-07-13,0.13861584
2023-07-14,0.13911794
2023-07-17,0.1398723
2023-07-18,0.14016368
2023-07-19,0.14086182
2023-07-20,0.14118743
2023-07-21,0.14173352
2023-07-25,0.1422058
2023-07-26,0.14228891
2023-07-27,0.14331461
2023-07-28,0.14327159
2023-07-31,0.14428262
2023-08-01,0.14424204
2023-08-02,0.14478765
2023-08-03,0.14547503
2023-08-04,0.14717786
2023-08-07,0.15147231
2023-08-08,0.15140337
2023-08-09,0.15204089
2023-08-10,0.15271899
2023-08-11,0.15329491
2023-08-15,0.15412456
2023-08-16,0.15404976
2023-08-17,0.15454794
2023-08-18,0.1552412
2023-08-21,0.15569978
2023-08-22,0.15563329
2023-08-23,0.15648494
2023-08-24,0.157319
2023-08-25,0.15789149
2023-08-28,0.15813056
2023-08-29,0.15858328
2023-08-30,0.15854075
2023-08-31,0.15892942
2023-09-01,0.15937187
2023-09-04,0.1604313
2023-09-05,0.16031886
2023-09-06,0.161039
2023-09-07,0.16188039
2023-09-08,0.16238982
2023-09-12,0.162998
2023-09-13,0.16298333
2023-09-14,0.16348738
2023-09-15,0.16381788
2023-09-18,0.1645654
2023-09-19,0.16460158
2023-09-20,0.16532514
2023-09-21,0.16540923
2023-09-22,0.16587661
2023-09-25,0.16618119
2023-09-26,0.16633813
2023-09-27,0.16668036
2023-09-28,0.16744988
2023-09-29,0.1676953
2023-10-02,0.16830398
2023-10-03,0.16851273
2023-10-04,0.16949248
2023-10-05,0.1697115
2023-10-06,0.16989044
2023-10-09,0.1704116
2023-10-10,0.17023267
2023-10-11,0.17033876
2023-10-13,0.17062476
2023-10-16,0.17051476
2023-10-17,0.17038373
2023-10-18,0.17019698
2023-10-19,0.17042969
2023-10-20,0.17042089
2023-10-23,0.17100512
2023-10-24,0.17099583
2023-10-25,0.17124908
2023-10-26,0.1712217
2023-10-27,0.17156246
2023-10-31,0.17173699
2023-11-01,0.17143241
2023-11-02,0.17186362
2023-11-03,0.17195602
2023-11-07,0.17226696
2023-11-08,0.17186655
2023-11-09,0.17231487
2023-11-10,0.17274705
2023-11-13,0.17292501
2023-11-14,0.17265221
2023-11-15,0.17298025
2023-11-16,0.17312154
2023-11-17,0.17321443
2023-11-20,0.17345008
2023-11-21,0.17331857
2023-11-22,0.17315968
2023-11-23,0.17302768
2023-11-24,0.17348626
2023-11-27,0.17356791
2023-11-28,0.17341488
2023-11-29,0.17345204
2023-11-30,0.17352782
2023-12-01,0.17362168
2023-12-04,0.17395169
2023-12-05,0.17366911
2023-12-06,0.17384022
2023-12-07,0.17403382
2023-12-08,0.17405533
2023-12-12,0.17416778
2023-12-13,0.1739116
2023-12-14,0.17417462
2023-12-15,0.17424356
2023-12-18,0.17465618
2023-12-19,0.17431054
2023-12-20,0.1746117
2023-12-21,0.17469187
2023-12-22,0.17496272
2023-12-26,0.17508983
2023-12-27,0.17493974
2023-12-28,0.17519446
2023-12-29,0.17566233
2024-01-02,0.17580313
2024-01-03,0.17535188
2024-01-04,0.17575571
2024-01-05,0.17617078
2024-01-08,0.17603389
2024-01-09,0.17570144
2024-01-10,0.17559682
2024-01-11,0.17572686
2024-01-12,0.17582073
2024-01-15,0.1761962
2024-01-16,0.17587695
2024-01-17,0.17622994
2024-01-18,0.17637416
2024-01-19,0.1766763
2024-01-22,0.17671541
2024-01-23,0.17654185
2024-01-24,0.17662741
2024-01-25,0.17658243
2024-01-26,0.17658194
2024-01-29,0.17698968
2024-01-30,0.17669536
2024-01-31,0.17699555
2024-02-01,0.17727373
2024-02-02,0.17715199
2024-02-05,0.17739986
2024-02-06,0.17724097
2024-02-07,0.17725173
2024-02-08,0.17716324
2024-02-09,0.1774292
2024-02-14,0.17755924
2024-02-15,0.17727764
2024-02-16,0.17734022
2024-02-19,0.17764382
2024-02-20,0.17716324
2024-02-21,0.17744484
2024-02-22,0.1771339
2024-02-23,0.17714075
2024-02-26,0.17634336
2024-02-27,0.17634727
2024-02-28,0.17646901
2024-02-29,0.17663963
2024-03-01,0.17674425
2024-03-04,0.17639372
2024-03-05,0.17645825
2024-03-06,0.17664648
2024-03-07,0.17684594
2024-03-08,0.17665283
2024-03-11,0.17693248
2024-03-12,0.17698235
2024-03-13,0.17715981
2024-03-14,0.17728937
2024-03-15,0.17735146
2024-03-18,0.17755044
2024-03-20,0.17729915
2024-03-21,0.17740084
2024-03-22,0.17757489
2024-03-25,0.17774013
2024-03-26,0.17747173
2024-03-27,0.17763502
2024-04-01,0.17741795
2024-04-02,0.17727862
2024-04-03,0.17740035
2024-04-04,0.17722093
2024-04-05,0.17703124
2024-04-08,0.17711386
2024-04-09,0.17688652
2024-04-10,0.17710261
2024-04-11,0.1769227
2024-04-12,0.17737297
2024-04-15,0.17744288
2024-04-16,0.17741453
2024-04-17,0.17745609
2024-04-18,0.17759835
2024-04-22,0.17767462
2024-04-23,0.17771618
2024-04-24,0.17789756
2024-04-25,0.17807063
2024-04-26,0.17810974
2024-04-29,0.17811609
2024-04-30,0.17808578
2024-05-02,0.17831458
2024-05-03,0.17849499
2024-05-06,0.17886166
2024-05-07,0.17881961
2024-05-08,0.17875019
2024-05-09,0.17885139
2024-05-10,0.17886948
2024-05-14,0.17898486
2024-05-15,0.17891055
2024-05-16,0.17895601
2024-05-17,0.17906504
2024-05-20,0.17879712
2024-05-21,0.17879028
2024-05-22,0.17873454
2024-05-23,0.17867343
2024-05-24,0.17855365
2024-05-27,0.17850965
2024-05-28,0.17850476
2024-05-29,0.17849694
2024-05-30,0.17850232
2024-05-31,0.17862845
2024-06-04,0.17861477
2024-06-05,0.17864605
2024-06-06,0.17856392
2024-06-07,0.1783889
2024-06-10,0.17834245
2024-06-11,0.17820214
2024-06-12,0.17814592
2024-06-13,0.17820067
2024-06-14,0.1781024
2024-06-18,0.17804374
2024-06-19,0.17792787
2024-06-20,0.17787507
2024-06-21,0.17785453
2024-06-25,0.17782324
2024-06-26,0.17778902
2024-06-27,0.17787116
2024-06-28,0.17799925
2024-07-01,0.17818356
2024-07-02,0.17822707
2024-07-03,0.17828623
2024-07-04,0.17833854
2024-07-08,0.17850672
2024-07-09,0.17839183
2024-07-10,0.17847396
2024-07-11,0.1785121
2024-07-12,0.17859472
2024-07-15,0.17856539
2024-07-16,0.17844854
2024-07-17,0.17847592
2024-07-18,0.17864557
2024-07-19,0.17880055
2024-07-22,0.17896775
2024-07-23,0.1786001
2024-07-25,0.17873503
2024-07-26,0.17883623
2024-07-29,0.17897166
2024-07-30,0.17897948
2024-07-31,0.17899806
2024-08-01,0.17911539
2024-08-02,0.17914228
2024-08-05,0.17920682
2024-08-06,0.17919313
2024-08-07,0.17924935
2024-08-08,0.17932953
2024-08-09,0.1793398
2024-08-12,0.17925717
2024-08-13,0.17908459
2024-08-14,0.17920975
2024-08-15,0.17900001
2024-08-16,0.17931095
2024-08-20,0.17935006
2024-08-21,0.17934126
2024-08-22,0.17917211
2024-08-23,0.17940824
2024-08-26,0.17888072
2024-08-27,0.17875606
2024-08-28,0.17887828
2024-08-29,0.17889588
2024-08-30,0.1790621
2024-09-02,0.17915744
2024-09-03,0.17912419
2024-09-04,0.17912664
2024-09-05,0.17914864
2024-09-06,0.17934909
2024-09-09,0.17940384
2024-09-10,0.179353
2024-09-11,0.17945469
2024-09-12,0.17958229
2024-09-13,0.17962482
2024-09-17,0.17979154
2024-09-18,0.17976758
2024-09-19,0.17981011
2024-09-20,0.17991963
2024-09-23,0.18002572
2024-09-24,0.17997683
2024-09-25,0.1799646
2024-09-26,0.18016114
2024-09-27,0.1802335
2024-09-30,0.18044421
2024-10-01,0.18051314
2024-10-02,0.18049359
2024-10-03,0.18079915
2024-10-04,0.18082017
2024-10-07,0.18106608
2024-10-08,0.18108515
2024-10-09,0.18125284
2024-10-10,0.18347976
2024-10-11,0.18406985
2024-10-14,0.19011015
2024-10-15,0.19012139
2024-10-16,0.19026757
2024-10-17,0.19072567
2024-10-18,0.19132603
2024-10-21,0.19149959
2024-10-22,0.19155532
2024-10-23,0.19224808
2024-10-24,0.19292618
2024-10-25,0.19986164
2024-10-28,0.20065659
2024-10-29,0.2040456
2024-10-30,0.20643874
2024-10-31,0.20808436
2024-11-01,0.20880744
2024-11-05,0.20952514
2024-11-06,0.21246193
2024-11-07,0.21404888
2024-11-08,0.21602353
2024-11-11,0.21855307
2024-11-12,0.21880191
2024-11-13,0.21965504
2024-11-14,0.22026175
2024-11-15,0.22248134
2024-11-19,0.22386198
2024-11-20,0.22411424
2024-11-21,0.22517906
2024-11-22,0.22649174
2024-11-25,0.227911
2024-11-26,0.22803371
2024-11-27,0.22857639
2024-11-28,0.22907359
2024-11-29,0.23131469
2024-12-02,0.23275008
2024-12-03,0.23334604
2024-12-04,0.23396156
2024-12-05,0.23524785
2024-12-06,0.23626572
2024-12-09,0.23853322
2024-12-10,0.23892042
2024-12-11,0.24010159
2024-12-12,0.2418841
2024-12-13,0.24399173
2024-12-16,0.24607002
2024-12-17,0.24626118
2024-12-18,0.2470967
2024-12-19,0.24911388
2024-12-20,0.25104941
2024-12-23,0.25197538
2024-12-26,0.25246525
2024-12-27,0.25308077
2024-12-30,0.25390505
2025-01-02,0.25435776
2025-01-03,0.25702322
2025-01-07,0.25917289
2025-01-08,0.2594584
2025-01-09,0.26049633
2025-01-10,0.26328058
2025-01-14,0.26341209
2025-01-15,0.26382814
2025-01-16,0.26580915
2025-01-17,0.26771877
2025-01-20,0.26845847
2025-01-21,0.26881976
2025-01-22,0.27035831
2025-01-23,0.27261309
2025-01-24,0.27516464
2025-01-27,0.27696963
2025-01-28,0.27796698
2025-01-29,0.28012398
2025-01-30,0.28059088
2025-01-31,0.28339567
2025-02-03,0.28572818
2025-02-04,0.28620095
2025-02-05,0.2874398
2025-02-06,0.29069927
2025-02-07,0.29402962
2025-02-10,0.29588448
2025-02-11,0.29599057
2025-02-12,0.29836171
2025-02-13,0.29991835
2025-02-14,0.30224794
2025-02-17,0.30346089
2025-02-18,0.30360315
2025-02-19,0.30401138
2025-02-20,0.30561153
2025-02-21,0.30901326
2025-02-24,0.31002723
2025-02-25,0.31041786
2025-02-26,0.31298602
2025-02-27,0.31406892
2025-02-28,0.31409728
2025-03-05,0.31526085
2025-03-06,0.31588272
2025-03-07,0.3165398
2025-03-10,0.31908303
2025-03-11,0.31981099
2025-03-12,0.32084598
2025-03-13,0.32391331
2025-03-14,0.32480603
2025-03-17,0.32539515
2025-03-18,0.32652303
2025-03-20,0.33066103
2025-03-21,0.33175567
2025-03-24,0.33397183
2025-03-25,0.33437272
2025-03-26,0.33586776
2025-03-27,0.33742929
2025-03-28,0.33948216
2025-03-31,0.34010648
2025-04-01,0.3411312
2025-04-02,0.34229526
2025-04-03,0.34344514
2025-04-04,0.34508734
2025-04-07,0.35291161
2025-04-08,0.35864146
2025-04-09,0.36314467
2025-04-10,0.37059445
2025-04-11,0.37774258
2025-04-14,0.38311504
2025-04-15,0.38422923
2025-04-16,0.39006175
2025-04-21,0.39580822
2025-04-22,0.39972671
2025-04-23,0.40274563
2025-04-24,0.40782721
2025-04-25,0.41272691
2025-04-28,0.4210083
2025-04-29,0.4236586
2025-04-30,0.42458798
2025-05-02,0.42811585
2025-05-05,0.43335876
2025-05-06,0.43375916
2025-05-07,0.44592726
2025-05-08,0.44937495
2025-05-09,0.45384589
2025-05-12,0.45491413
2025-05-13,0.4549767
2025-05-14,0.45750576
2025-05-15,0.46032228
2025-05-16,0.46114558
2025-05-19,0.46329134
2025-05-20,0.46348396
2025-05-21,0.46374405
2025-05-22,0.46427988
2025-05-23,0.46454242
2025-05-26,0.46486069
2025-05-27,0.46561701
2025-05-28,0.4683866
2025-05-29,0.47193157
2025-05-30,0.47353222
2025-06-03,0.4757562
2025-06-04,0.47627834
2025-06-05,0.47864312
2025-06-06,0.48162587
2025-06-09,0.48445364
2025-06-10,0.48461546
2025-06-11,0.48741976
2025-06-12,0.49055504
2025-06-13,0.49418557
2025-06-17,0.49944022
2025-06-18,0.50262439
2025-06-19,0.50715742
2025-06-20,0.5111072
2025-06-25,0.51555272
2025-06-26,0.51905223
2025-06-27,0.52244271
2025-06-30,0.52617054
2025-07-01,0.52893084
2025-07-02,0.53279017
2025-07-03,0.53667151
2025-07-04,0.54050689
2025-07-07,0.54471969
2025-07-08,0.54818693
2025-07-09,0.55161262
2025-07-10,0.55612023
2025-07-11,0.55935182
2025-07-14,0.56383205
2025-07-15,0.56635817
2025-07-16,0.57112245
2025-07-17,0.57398004
2025-07-18,0.5783009
2025-07-21,0.5824917
2025-07-22,0.58504178
2025-07-23,0.58874613
2025-07-25,0.59325863
2025-07-28,0.59728272
2025-07-29,0.60056223
2025-07-30,0.60560273
2025-07-31,0.60872384
2025-08-01,0.61319478
2025-08-04,0.61737728
2025-08-05,0.62143266
2025-08-06,0.62696303
2025-08-07,0.63093579
2025-08-08,0.63588194
2025-08-11,0.64105885
2025-08-12,0.64682047
2025-08-13,0.65275223
2025-08-14,0.65747153
2025-08-15,0.66313636
2025-08-19,0.66926319
2025-08-20,0.67530201
2025-08-21,0.68152711
2025-08-22,0.68767936
2025-08-25,0.6936649
2025-08-26,0.69930577
2025-08-27,0.705833
2025-08-28,0.71254113
2025-08-29,0.71907863
2025-09-01,0.72573493
2025-09-02,0.73073975
2025-09-03,0.73722982
2025-09-04,0.74195988
2025-09-05,0.74713679
2025-09-08,0.75295072
2025-09-09,0.75770131
2025-09-10,0.7645038
2025-09-11,0.77112734
2025-09-12,0.77699506
2025-09-16,0.78442137
2025-09-17,0.79146194
2025-09-18,0.80006356
2025-09-19,0.8086813
2025-09-22,0.81441751
2025-09-23,0.82337552
2025-09-24,0.83100424
2025-09-25,0.8401451
2025-09-26,0.84938668
2025-09-29,0.85872946
2025-09-30,0.868347
2025-10-01,0.87722777
2025-10-02,0.88638428
2025-10-03,0.8953467
2025-10-06,0.90640257
2025-10-07,0.91564757
2025-10-08,0.92527928
2025-10-09,0.93557883
2025-10-10,0.94503161
2025-10-13,0.95456261
2025-10-14,0.96432339
2025-10-15,0.97342466
2025-10-16,0.98495915
2025-10-17,0.99608395
2025-10-20,1.00553624
2025-10-21,1.01638189
2025-10-22,1.02806011
2025-10-23,1.03882167
2025-10-24,1.04828325
2025-10-27,1.05782843
2025-10-28,1.06662169
2025-10-29,1.07495099
2025-10-30,1.08409381
2025-10-31,1.09339308
2025-11-03,1.09493945
2025-11-04,1.09696347
2025-11-05,1.10554016
2025-11-06,1.11251277
2025-11-07,1.11702478
2025-11-10,1.12957275
2025-11-11,1.12980547
2025-11-12,1.13934869
2025-11-13,1.14185086
2025-11-14,1.14827445
2025-11-17,1.15604103
2025-11-18,1.15789296
2025-11-19,1.16234973
2025-11-20,1.17491628
2025-11-21,1.18106217
2025-11-25,1.18855448
2025-11-26,1.19081416
2025-11-27,1.19608298
2025-11-28,1.20106628
2025-12-01,1.2090382
2025-12-02,1.20956034
2025-12-03,1.21832035
2025-12-04,1.23146087
2025-12-05,1.24604851
2025-12-09,1.26099989
2025-12-10,1.28141075
2025-12-11,1.29589475
2025-12-12,1.30901522
2025-12-15,1.32387469
2025-12-16,1.3375481
2025-12-17,1.35216996
2025-12-18,1.36676836
2025-12-19,1.38119026
2025-12-22,1.39531737
2025-12-23,1.41021399
2025-12-26,1.4244066
2025-12-29,1.44209237
2025-12-30,1.45760598
2026-01-02,1.47338653
2026-01-05,1.48956259
2026-01-06,1.50655168
2026-01-07,1.52477181
2026-01-08,1.56951008
2026-01-09,1.59081171
2026-01-13,1.61518654
2026-01-14,1.64493334
2026-01-15,1.65808412
2026-01-16,1.67076116
2026-01-20,1.68427714
2026-01-21,1.69775108
2026-01-22,1.71077573
2026-01-23,1.7243626
2026-01-26,1.73827899
2026-01-27,1.75476403
2026-01-28,1.76730859
2026-01-29,1.77792591
2026-01-30,1.79574417
2026-02-02,1.81015434
2026-02-03,1.81920525
2026-02-04,1.83375867
2026-02-05,1.85026229
2026-02-06,1.86321409
2026-02-09,1.8706668
2026-02-10,1.8835746
2026-02-11,1.90052654
2026-02-12,1.90812885
2026-02-13,1.92243978
2026-02-18,1.93781943
2026-02-19,1.94944633
2026-02-20,1.96699129
2026-02-23,1.98174369
2026-02-24,1.99165261
2026-02-25,2.00977643
2026-02-26,2.02424674
2026-02-27,2.04044089
2026-03-02,2.05329588
2026-03-03,2.06253551
2026-03-04,2.08109835
2026-03-05,2.09212831
2026-03-06,2.10719164
2026-03-09,2.11772781
2026-03-10,2.13276377
2026-03-11,2.14236126
2026-03-12,2.15585818
2026-03-13,2.16706854
2026-03-16,2.18440524
2026-03-17,2.19205057
2026-03-18,2.20739502
2026-03-20,2.22571635
2026-03-23,2.23461913
2026-03-24,2.24623918
2026-03-25,2.26196301
2026-03-26,2.28118977
2026-03-27,2.29054282
2026-03-30,2.30611852
2026-03-31,2.31672656
2026-04-01,2.31695829
2026-04-06,2.3176535
2026-04-07,2.31997086
2026-04-08,2.32229067
2026-04-09,2.32693517
2026-04-10,2.32926182
2026-04-13,2.33275546
2026-04-14,2.33508798
2026-04-15,2.3397579
2026-04-16,2.34560704
2026-04-17,2.34795226
2026-04-20,2.3526481
2026-04-21,2.35500066
2026-04-22,2.36018148
2026-04-23,2.36301365
2026-04-24,2.36561261
2026-04-27,2.36987039
2026-04-28,2.37224007
2026-04-29,2.3769843
2026-04-30,2.38150022
2026-05-04,2.39340725
2026-05-05,2.39580039
2026-05-06,2.41209183
2026-05-07,2.4289763
2026-05-08,2.44379324
2026-05-11,2.44672563
2026-05-12,2.468501
2026-05-13,2.48652068
2026-05-14,2.49721232
2026-05-15,2.518688
2026-05-19,2.53228857