,,,,,,,,,,,,,,,,
,,,,,,,,,,,,,,,,
,,,,,,,,,,,,,,,,
,,,,,,,,,,,,,,,,
,,,,,,,,,,,,,,,,
,,,Valor en Bs,Variacion,Variacion,,,,Valor en S,,,,,,,
,Fecha,,Capital,Capital,Capital,Total,,,Total,,,,,,,
,Liquidación,Valor en UVC,Base,Diaria,Acumulada,Crédito,IDI,Venta (ASK),Crédito,,,,,,,
,10/16/25," 162,443.29 "," 160,000.00 ",,," 160,000.00 ",0.98495915,201.47, 794.18 ,,,,,,,
,10/17/25," 162,443.29 "," 160,000.00 "," 1,807.15 "," 1,807.15 "," 161,807.15 ",0.99608395, 203.74 , 794.18 ,,,,,,,
,10/20/25," 162,443.29 "," 160,000.00 "," 1,535.47 "," 3,342.62 "," 163,342.62 ",1.00553624, 205.68 , 794.18 ,,,,,,,
,10/21/25," 162,443.29 "," 160,000.00 "," 1,761.80 "," 5,104.42 "," 165,104.42 ",1.01638189, 207.89 , 794.18 ,,,,,,,
,10/22/25," 162,443.29 "," 160,000.00 "," 1,897.05 "," 7,001.47 "," 167,001.47 ",1.02806011, 210.28 , 794.18 ,,,,,,,
,10/23/25," 162,443.29 "," 160,000.00 "," 1,748.14 "," 8,749.61 "," 168,749.61 ",1.03882167, 212.48 , 794.18 ,,,,,,,
,10/24/25," 162,443.29 "," 160,000.00 "," 1,536.97 "," 10,286.58 "," 170,286.58 ",1.04828325, 214.42 , 794.18 ,,,,,,,
,10/27/25," 162,443.29 "," 160,000.00 "," 1,550.55 "," 11,837.13 "," 171,837.13 ",1.05782843, 216.37 , 794.18 ,,,,,,,
,10/28/25," 162,443.29 "," 160,000.00 "," 1,428.41 "," 13,265.54 "," 173,265.54 ",1.06662169, 218.17 , 794.18 ,,,,,,,
,10/29/25," 162,443.29 "," 160,000.00 "," 1,353.04 "," 14,618.58 "," 174,618.58 ",1.07495099, 219.87 , 794.18 ,,,,,,,
,10/30/25," 162,443.29 "," 160,000.00 "," 1,485.19 "," 16,103.77 "," 176,103.77 ",1.08409381, 221.74 , 794.18 ,,,,,,,
,10/31/25," 162,443.29 "," 160,000.00 "," 1,510.60 "," 17,614.37 "," 177,614.37 ",1.09339308, 223.65 , 794.18 ,,,,,,,
,11/3/25," 162,443.29 "," 160,000.00 ", 251.20 ," 17,865.57 "," 177,865.57 ",1.09493945, 223.96 , 794.18 ,,,,,,,
,11/4/25," 162,443.29 "," 160,000.00 ", 328.79 ," 18,194.36 "," 178,194.36 ",1.09696347, 224.38 , 794.18 ,,,,,,,
,11/5/25," 162,443.29 "," 160,000.00 "," 1,393.23 "," 19,587.58 "," 179,587.58 ",1.10554016, 226.13 , 794.18 ,,,,,,,
,11/6/25," 162,443.29 "," 160,000.00 "," 1,132.65 "," 20,720.23 "," 180,720.23 ",1.11251277, 227.56 , 794.18 ,,,,,,,
,11/7/25," 162,443.29 "," 160,000.00 ", 732.95 ," 21,453.18 "," 181,453.18 ",1.11702478, 228.48 , 794.18 ,,,,,,,
,11/10/25," 162,443.29 "," 160,000.00 "," 2,038.33 "," 23,491.51 "," 183,491.51 ",1.12957275, 231.05 , 794.18 ,,,,,,,
,11/11/25," 162,443.29 "," 160,000.00 ", 37.80 ," 23,529.32 "," 183,529.32 ",1.12980547, 231.09 , 794.18 ,,,,,,,
,11/12/25," 162,443.29 "," 160,000.00 "," 1,550.23 "," 25,079.55 "," 185,079.55 ",1.13934869, 233.05 , 794.18 ,,,,,,,
,11/13/25," 162,443.29 "," 160,000.00 ", 406.46 ," 25,486.01 "," 185,486.01 ",1.14185086, 233.56 , 794.18 ,,,,,,,
,11/14/25," 162,443.29 "," 160,000.00 "," 1,043.47 "," 26,529.48 "," 186,529.48 ",1.14827445, 234.87 , 794.18 ,,,,,,,
,11/17/25," 162,443.29 "," 160,000.00 "," 1,261.63 "," 27,791.11 "," 187,791.11 ",1.15604103, 236.46 , 794.18 ,,,,,,,
,11/18/25," 162,443.29 "," 160,000.00 ", 300.83 ," 28,091.94 "," 188,091.94 ",1.15789296, 236.84 , 794.18 ,,,,,,,
,11/19/25," 162,443.29 "," 160,000.00 ", 723.97 ," 28,815.91 "," 188,815.91 ",1.16234973, 237.75 , 794.18 ,,,,,,,
,11/20/25," 162,443.29 "," 160,000.00 "," 2,041.35 "," 30,857.27 "," 190,857.27 ",1.17491628, 240.32 , 794.18 ,,,,,,,
,11/21/25," 162,443.29 "," 160,000.00 ", 998.36 ," 31,855.62 "," 191,855.62 ",1.18106217, 241.58 , 794.18 ,,,,,,,
,11/25/25," 162,443.29 "," 160,000.00 "," 1,217.08 "," 33,072.70 "," 193,072.70 ",1.18855448, 243.11 , 794.18 ,,,,,,,
,11/26/25," 162,443.29 "," 160,000.00 ", 367.07 ," 33,439.77 "," 193,439.77 ",1.19081416, 243.57 , 794.18 ,,,,,,,
,11/27/25," 162,443.29 "," 160,000.00 ", 855.88 ," 34,295.65 "," 194,295.65 ",1.19608298, 244.65 , 794.18 ,,,,,,,
,11/28/25," 162,443.29 "," 160,000.00 ", 809.50 ," 35,105.16 "," 195,105.16 ",1.20106628, 245.67 , 794.18 ,,,,,,,
,12/1/25," 162,443.29 "," 160,000.00 "," 1,294.98 "," 36,400.14 "," 196,400.14 ",1.2090382, 247.30 , 794.18 ,,,,,,,
,12/2/25," 162,443.29 "," 160,000.00 ", 84.82 ," 36,484.96 "," 196,484.96 ",1.20956034, 247.41 , 794.18 ,,,,,,,
,12/3/25," 162,443.29 "," 160,000.00 "," 1,423.00 "," 37,907.97 "," 197,907.97 ",1.21832035, 249.20 , 794.18 ,,,,,,,
,12/4/25," 162,443.29 "," 160,000.00 "," 2,134.59 "," 40,042.56 "," 200,042.56 ",1.23146087, 251.89 , 794.18 ,,,,,,,
,12/5/25," 162,443.29 "," 160,000.00 "," 2,369.66 "," 42,412.22 "," 202,412.22 ",1.24604851, 254.87 , 794.18 ,,,,,,,
,12/9/25," 162,443.29 "," 160,000.00 "," 2,428.75 "," 44,840.97 "," 204,840.97 ",1.26099989, 257.93 , 794.18 ,,,,,,,
,12/10/25," 162,443.29 "," 160,000.00 "," 3,315.61 "," 48,156.58 "," 208,156.58 ",1.28141075, 262.10 , 794.18 ,,,,,,,
,12/11/25," 162,443.29 "," 160,000.00 "," 2,352.83 "," 50,509.41 "," 210,509.41 ",1.29589475, 265.07 , 794.18 ,,,,,,,
,12/12/25," 162,443.29 "," 160,000.00 "," 2,131.33 "," 52,640.74 "," 212,640.74 ",1.30901522, 267.75 , 794.18 ,,,,,,,
,12/15/25," 162,443.29 "," 160,000.00 "," 2,413.82 "," 55,054.56 "," 215,054.56 ",1.32387469, 270.79 , 794.18 ,,,,,,,
,12/16/25," 162,443.29 "," 160,000.00 "," 2,221.15 "," 57,275.71 "," 217,275.71 ",1.3375481, 273.59 , 794.18 ,,,,,,,
,12/17/25," 162,443.29 "," 160,000.00 "," 2,375.22 "," 59,650.94 "," 219,650.94 ",1.35216996, 276.58 , 794.18 ,,,,,,,
,12/18/25," 162,443.29 "," 160,000.00 "," 2,371.41 "," 62,022.35 "," 222,022.35 ",1.36676836, 279.56 , 794.18 ,,,,,,,
,12/19/25," 162,443.29 "," 160,000.00 "," 2,342.74 "," 64,365.09 "," 224,365.09 ",1.38119026, 282.51 , 794.18 ,,,,,,,
,12/22/25," 162,443.29 "," 160,000.00 "," 2,294.85 "," 66,659.94 "," 226,659.94 ",1.39531737, 285.40 , 794.18 ,,,,,,,
,12/23/25," 162,443.29 "," 160,000.00 "," 2,419.86 "," 69,079.80 "," 229,079.80 ",1.41021399, 288.45 , 794.18 ,,,,,,,
,12/26/25," 162,443.29 "," 160,000.00 "," 2,305.49 "," 71,385.29 "," 231,385.29 ",1.4244066, 291.35 , 794.18 ,,,,,,,
,12/29/25," 162,443.29 "," 160,000.00 "," 2,872.93 "," 74,258.23 "," 234,258.23 ",1.44209237, 294.97 , 794.18 ,,,,,,,
,12/30/25," 162,443.29 "," 160,000.00 "," 2,520.08 "," 76,778.31 "," 236,778.31 ",1.45760598, 298.14 , 794.18 ,,,,,,,
,1/2/26," 162,443.29 "," 160,000.00 "," 2,563.44 "," 79,341.76 "," 239,341.76 ",1.47338653, 301.37 , 794.18 ,,,,,,,
,1/5/26," 162,443.29 "," 160,000.00 "," 2,627.69 "," 81,969.45 "," 241,969.45 ",1.48956259, 304.68 , 794.18 ,,,,,,,
,1/6/26," 162,443.29 "," 160,000.00 "," 2,759.76 "," 84,729.21 "," 244,729.21 ",1.50655168, 308.15 , 794.18 ,,,,,,,
,1/7/26," 162,443.29 "," 160,000.00 "," 2,959.74 "," 87,688.95 "," 247,688.95 ",1.52477181, 311.88 , 794.18 ,,,,,,,
,1/8/26," 162,443.29 "," 160,000.00 "," 7,267.43 "," 94,956.38 "," 254,956.38 ",1.56951008, 321.03 , 794.18 ,,,,,,,
,1/9/26," 162,443.29 "," 160,000.00 "," 3,460.31 "," 98,416.69 "," 258,416.69 ",1.59081171, 325.39 , 794.18 ,,,,,,,
,1/13/26," 162,443.29 "," 160,000.00 "," 3,959.53 "," 102,376.22 "," 262,376.22 ",1.61518654, 330.38 , 794.18 ,,,,,,,
,1/14/26," 162,443.29 "," 160,000.00 "," 4,832.17 "," 107,208.38 "," 267,208.38 ",1.64493334, 336.46 , 794.18 ,,,,,,,
,1/15/26," 162,443.29 "," 160,000.00 "," 2,136.26 "," 109,344.64 "," 269,344.64 ",1.65808412, 339.15 , 794.18 ,,,,,,,
,1/16/26," 162,443.29 "," 160,000.00 "," 2,059.30 "," 111,403.94 "," 271,403.94 ",1.67076116, 341.74 , 794.18 ,,,,,,,
,1/20/26," 162,443.29 "," 160,000.00 "," 2,195.58 "," 113,599.52 "," 273,599.52 ",1.68427714, 344.51 , 794.18 ,,,,,,,
,1/21/26," 162,443.29 "," 160,000.00 "," 2,188.75 "," 115,788.27 "," 275,788.27 ",1.69775108, 347.26 , 794.18 ,,,,,,,
,1/22/26," 162,443.29 "," 160,000.00 "," 2,115.77 "," 117,904.04 "," 277,904.04 ",1.71077573, 349.93 , 794.18 ,,,,,,,
,1/23/26," 162,443.29 "," 160,000.00 "," 2,207.10 "," 120,111.13 "," 280,111.13 ",1.7243626, 352.71 , 794.18 ,,,,,,,
,1/26/26," 162,443.29 "," 160,000.00 "," 2,260.62 "," 122,371.76 "," 282,371.76 ",1.73827899, 355.55 , 794.18 ,,,,,,,
,1/27/26," 162,443.29 "," 160,000.00 "," 2,677.88 "," 125,049.64 "," 285,049.64 ",1.75476403, 358.92 , 794.18 ,,,,,,,
,1/28/26," 162,443.29 "," 160,000.00 "," 2,037.78 "," 127,087.42 "," 287,087.42 ",1.76730859, 361.49 , 794.18 ,,,,,,,
,1/29/26," 162,443.29 "," 160,000.00 "," 1,724.71 "," 128,812.13 "," 288,812.13 ",1.77792591, 363.66 , 794.18 ,,,,,,,
,1/30/26," 162,443.29 "," 160,000.00 "," 2,894.46 "," 131,706.59 "," 291,706.59 ",1.79574417, 367.31 , 794.18 ,,,,,,,
,2/2/26," 162,443.29 "," 160,000.00 "," 2,340.84 "," 134,047.43 "," 294,047.43 ",1.81015434, 370.25 , 794.18 ,,,,,,,
,2/3/26," 162,443.29 "," 160,000.00 "," 1,470.26 "," 135,517.69 "," 295,517.69 ",1.81920525, 372.11 , 794.18 ,,,,,,,
,2/4/26," 162,443.29 "," 160,000.00 "," 2,364.11 "," 137,881.79 "," 297,881.79 ",1.83375867, 375.08 , 794.18 ,,,,,,,
,2/5/26," 162,443.29 "," 160,000.00 "," 2,680.90 "," 140,562.69 "," 300,562.69 ",1.85026229, 378.46 , 794.18 ,,,,,,,
,2/6/26," 162,443.29 "," 160,000.00 "," 2,103.93 "," 142,666.63 "," 302,666.63 ",1.86321409, 381.11 , 794.18 ,,,,,,,
,2/9/26," 162,443.29 "," 160,000.00 "," 1,210.64 "," 143,877.27 "," 303,877.27 ",1.8706668, 382.63 , 794.18 ,,,,,,,
,2/10/26," 162,443.29 "," 160,000.00 "," 2,096.79 "," 145,974.05 "," 305,974.05 ",1.8835746, 385.27 , 794.18 ,,,,,,,
,2/11/26," 162,443.29 "," 160,000.00 "," 2,753.73 "," 148,727.78 "," 308,727.78 ",1.90052654, 388.74 , 794.18 ,,,,,,,
,2/12/26," 162,443.29 "," 160,000.00 "," 1,234.94 "," 149,962.73 "," 309,962.73 ",1.90812885, 390.29 , 794.18 ,,,,,,,
,2/13/26," 162,443.29 "," 160,000.00 "," 2,324.71 "," 152,287.44 "," 312,287.44 ",1.92243978, 393.22 , 794.18 ,,,,,,,
,2/18/26," 162,443.29 "," 160,000.00 "," 2,498.32 "," 154,785.76 "," 314,785.76 ",1.93781943, 396.37 , 794.18 ,,,,,,,
,2/19/26," 162,443.29 "," 160,000.00 "," 1,888.71 "," 156,674.48 "," 316,674.48 ",1.94944633, 398.75 , 794.18 ,,,,,,,
,2/20/26," 162,443.29 "," 160,000.00 "," 2,850.06 "," 159,524.54 "," 319,524.54 ",1.96699129, 402.33 , 794.18 ,,,,,,,
,2/23/26," 162,443.29 "," 160,000.00 "," 2,396.43 "," 161,920.96 "," 321,920.96 ",1.98174369, 405.35 , 794.18 ,,,,,,,
,2/24/26," 162,443.29 "," 160,000.00 "," 1,609.64 "," 163,530.60 "," 323,530.60 ",1.99165261, 407.38 , 794.18 ,,,,,,,
,2/25/26," 162,443.29 "," 160,000.00 "," 2,944.09 "," 166,474.70 "," 326,474.70 ",2.00977643, 411.09 , 794.18 ,,,,,,,
,2/26/26," 162,443.29 "," 160,000.00 "," 2,350.60 "," 168,825.30 "," 328,825.30 ",2.02424674, 414.05 , 794.18 ,,,,,,,
,2/27/26," 162,443.29 "," 160,000.00 "," 2,630.63 "," 171,455.93 "," 331,455.93 ",2.04044089, 417.36 , 794.18 ,,,,,,,
,3/2/26," 162,443.29 "," 160,000.00 "," 2,088.21 "," 173,544.14 "," 333,544.14 ",2.05329588, 419.99 , 794.18 ,,,,,,,
,3/3/26," 162,443.29 "," 160,000.00 "," 1,500.92 "," 175,045.05 "," 335,045.05 ",2.06253551, 421.88 , 794.18 ,,,,,,,
,3/4/26," 162,443.29 "," 160,000.00 "," 3,015.41 "," 178,060.46 "," 338,060.46 ",2.08109835, 425.67 , 794.18 ,,,,,,,
,3/5/26," 162,443.29 "," 160,000.00 "," 1,791.74 "," 179,852.21 "," 339,852.21 ",2.09212831, 427.93 , 794.18 ,,,,,,,
,3/6/26," 162,443.29 "," 160,000.00 "," 2,446.94 "," 182,299.14 "," 342,299.14 ",2.10719164, 431.01 , 794.18 ,,,,,,,
,3/9/26," 162,443.29 "," 160,000.00 "," 1,711.53 "," 184,010.67 "," 344,010.67 ",2.11772781, 433.17 , 794.18 ,,,,,,,
,3/10/26," 162,443.29 "," 160,000.00 "," 2,442.49 "," 186,453.16 "," 346,453.16 ",2.13276377, 436.24 , 794.18 ,,,,,,,
,3/11/26," 162,443.29 "," 160,000.00 "," 1,559.05 "," 188,012.21 "," 348,012.21 ",2.14236126, 438.20 , 794.18 ,,,,,,,
,3/12/26," 162,443.29 "," 160,000.00 "," 2,192.48 "," 190,204.70 "," 350,204.70 ",2.15585818, 440.97 , 794.18 ,,,,,,,
,3/13/26," 162,443.29 "," 160,000.00 "," 1,821.05 "," 192,025.74 "," 352,025.74 ",2.16706854, 443.26 , 794.18 ,,,,,,,
,3/16/26," 162,443.29 "," 160,000.00 "," 2,816.23 "," 194,841.97 "," 354,841.97 ",2.18440524, 446.80 , 794.18 ,,,,,,,
,3/17/26," 162,443.29 "," 160,000.00 "," 1,241.93 "," 196,083.91 "," 356,083.91 ",2.19205057, 448.37 , 794.18 ,,,,,,,
,3/18/26," 162,443.29 "," 160,000.00 "," 2,492.60 "," 198,576.51 "," 358,576.51 ",2.20739502, 451.51 , 794.18 ,,,,,,,
,3/20/26," 162,443.29 "," 160,000.00 "," 2,976.18 "," 201,552.69 "," 361,552.69 ",2.22571635, 455.25 , 794.18 ,,,,,,,
,3/23/26," 162,443.29 "," 160,000.00 "," 1,446.20 "," 202,998.88 "," 362,998.88 ",2.23461913, 457.08 , 794.18 ,,,,,,,
,3/24/26," 162,443.29 "," 160,000.00 "," 1,887.60 "," 204,886.48 "," 364,886.48 ",2.24623918, 459.45 , 794.18 ,,,,,,,
,3/25/26," 162,443.29 "," 160,000.00 "," 2,554.23 "," 207,440.71 "," 367,440.71 ",2.26196301, 462.67 , 794.18 ,,,,,,,
,3/26/26," 162,443.29 "," 160,000.00 "," 3,123.26 "," 210,563.97 "," 370,563.97 ",2.28118977, 466.60 , 794.18 ,,,,,,,
,3/27/26," 162,443.29 "," 160,000.00 "," 1,519.34 "," 212,083.31 "," 372,083.31 ",2.29054282, 468.51 , 794.18 ,,,,,,,
,3/30/26," 162,443.29 "," 160,000.00 "," 2,530.17 "," 214,613.48 "," 374,613.48 ",2.30611852, 471.70 , 794.18 ,,,,,,,
,3/31/26," 162,443.29 "," 160,000.00 "," 1,723.20 "," 216,336.68 "," 376,336.68 ",2.31672656, 473.87 , 794.18 ,,,,,,,
,4/1/26," 162,443.29 "," 160,000.00 ", 37.64 ," 216,374.33 "," 376,374.33 ",2.31695829, 473.92 , 794.18 ,,,,,,,
,4/6/26," 162,443.29 "," 160,000.00 ", 112.93 ," 216,487.26 "," 376,487.26 ",2.3176535, 474.06 , 794.18 ,,,,,,,
,4/7/26," 162,443.29 "," 160,000.00 ", 376.44 ," 216,863.70 "," 376,863.70 ",2.31997086, 474.53 , 794.18 ,,,,,,,
,4/8/26," 162,443.29 "," 160,000.00 ", 376.84 ," 217,240.54 "," 377,240.54 ",2.32229067, 475.01 , 794.18 ,,,,,,,
,4/9/26," 162,443.29 "," 160,000.00 ", 754.47 ," 217,995.00 "," 377,995.00 ",2.32693517, 475.96 , 794.18 ,,,,,,,
,4/10/26," 162,443.29 "," 160,000.00 ", 377.95 ," 218,372.95 "," 378,372.95 ",2.32926182, 476.43 , 794.18 ,,,,,,,
,4/13/26," 162,443.29 "," 160,000.00 ", 567.52 ," 218,940.47 "," 378,940.47 ",2.33275546, 477.15 , 794.18 ,,,,,,,
,4/14/26," 162,443.29 "," 160,000.00 ", 378.90 ," 219,319.37 "," 379,319.37 ",2.33508798, 477.63 , 794.18 ,,,,,,,
,4/15/26," 162,443.29 "," 160,000.00 ", 758.60 ," 220,077.97 "," 380,077.97 ",2.3397579, 478.58 , 794.18 ,,,,,,,
,4/16/26," 162,443.29 "," 160,000.00 ", 950.15 ," 221,028.12 "," 381,028.12 ",2.34560704, 479.78 , 794.18 ,,,,,,,
,4/17/26," 162,443.29 "," 160,000.00 ", 380.97 ," 221,409.09 "," 381,409.09 ",2.34795226, 480.26 , 794.18 ,,,,,,,
,4/20/26," 162,443.29 "," 160,000.00 ", 762.81 ," 222,171.90 "," 382,171.90 ",2.3526481, 481.22 , 794.18 ,,,,,,,
,4/21/26," 162,443.29 "," 160,000.00 ", 382.16 ," 222,554.06 "," 382,554.06 ",2.35500066, 481.70 , 794.18 ,,,,,,,
,4/22/26," 162,443.29 "," 160,000.00 ", 841.59 ," 223,395.64 "," 383,395.64 ",2.36018148, 482.76 , 794.18 ,,,,,,,
,4/23/26," 162,443.29 "," 160,000.00 ", 460.07 ," 223,855.71 "," 383,855.71 ",2.36301365, 483.34 , 794.18 ,,,,,,,
,4/24/26," 162,443.29 "," 160,000.00 ", 422.18 ," 224,277.90 "," 384,277.90 ",2.36561261, 483.87 , 794.18 ,,,,,,,
,4/27/26," 162,443.29 "," 160,000.00 ", 691.65 ," 224,969.54 "," 384,969.54 ",2.36987039, 484.74 , 794.18 ,,,,,,,
,4/28/26," 162,443.29 "," 160,000.00 ", 384.94 ," 225,354.48 "," 385,354.48 ",2.37224007, 485.23 , 794.18 ,,,,,,,
,4/29/26," 162,443.29 "," 160,000.00 ", 770.67 ," 226,125.15 "," 386,125.15 ",2.3769843, 486.20 , 794.18 ,,,,,,,
,4/30/26," 162,443.29 "," 160,000.00 ", 733.58 ," 226,858.73 "," 386,858.73 ",2.38150022, 487.12 , 794.18 ,,,,,,,
,5/4/26," 162,443.29 "," 160,000.00 "," 1,934.22 "," 228,792.95 "," 388,792.95 ",2.39340725, 489.55 , 794.18 ,,,,,,,
,5/5/26," 162,443.29 "," 160,000.00 ", 388.75 ," 229,181.70 "," 389,181.70 ",2.39580039, 490.04 , 794.18 ,,,,,,,
,5/6/26," 162,443.29 "," 160,000.00 "," 2,646.44 "," 231,828.13 "," 391,828.13 ",2.41209183, 493.38 , 794.18 ,,,,,,,
,5/7/26," 162,443.29 "," 160,000.00 "," 2,742.77 "," 234,570.90 "," 394,570.90 ",2.4289763, 496.83 , 794.18 ,,,,,,,
,5/8/26," 162,443.29 "," 160,000.00 "," 2,406.91 "," 236,977.81 "," 396,977.81 ",2.44379324, 499.86 , 794.18 ,,,,,,,
,5/11/26," 162,443.29 "," 160,000.00 ", 476.35 ," 237,454.16 "," 397,454.16 ",2.44672563, 500.46 , 794.18 ,,,,,,,
,5/12/26," 162,443.29 "," 160,000.00 "," 3,537.26 "," 240,991.42 "," 400,991.42 ",2.468501, 504.91 , 794.18 ,,,,,,,
,5/13/26," 162,443.29 "," 160,000.00 "," 2,927.18 "," 243,918.60 "," 403,918.60 ",2.48652068, 508.60 , 794.18 ,,,,,,,
,5/14/26," 162,443.29 "," 160,000.00 "," 1,736.79 "," 245,655.39 "," 405,655.39 ",2.49721232, 510.79 , 794.18 ,,,,,,,
,5/15/26," 162,443.29 "," 160,000.00 "," -405,655.39 "," -160,000.00 ", -   ,0, -   ,#DIV/0!,,,,,,,
,5/18/26," 162,443.29 "," 160,000.00 ", -   ," -160,000.00 ", -   ,0, -   ,#DIV/0!,,,,,,,
,5/19/26," 162,443.29 "," 160,000.00 ", -   ," -160,000.00 ", -   ,0, -   ,#DIV/0!,,,,,,,
,5/20/26," 162,443.29 "," 160,000.00 ", -   ," -160,000.00 ", -   ,0, -   ,#DIV/0!,,,,,,,
,5/21/26," 162,443.29 "," 160,000.00 ", -   ," -160,000.00 ", -   ,0, -   ,#DIV/0!,,,,,,,
,5/22/26," 162,443.29 "," 160,000.00 ", -   ," -160,000.00 ", -   ,0, -   ,#DIV/0!,,,,,,,
,5/25/26," 162,443.29 "," 160,000.00 ", -   ," -160,000.00 ", -   ,0, -   ,#DIV/0!,,,,,,,
,5/26/26," 162,443.29 "," 160,000.00 ", -   ," -160,000.00 ", -   ,0, -   ,#DIV/0!,,,,,,,
,5/27/26," 162,443.29 "," 160,000.00 ", -   ," -160,000.00 ", -   ,0, -   ,#DIV/0!,,,,,,,
,5/28/26," 162,443.29 "," 160,000.00 ", -   ," -160,000.00 ", -   ,0, -   ,#DIV/0!,,,,,,,
,5/29/26," 162,443.29 "," 160,000.00 ", -   ," -160,000.00 ", -   ,0, -   ,#DIV/0!,,,,,,,
,,,,,,,,,,,,,,,,
,,,,,,,,,,,,,,,,
,,,,,,,,,,,,,,,,
,,,,,,,,,,,,,,,,
,,,,,,,,,,,,,,,,
,,,,,,,,,,,,,,,,
,,,,,,,,,,,,,,,,
,,,,,,,,,,,,,,,,
,,,,,,,,,,,,,,,,
,,,,,,,,,,,,,,,,
,,,,,,,,,,,,,,,,
,,,,,,,,,,,,,,,,
,,,,,,,,,,,,,,,,
,,,,,,,,,,,,,,,,
,,,,,,,,,,,,,,,,
,,,,,,,,,,,,,,,,
,,,,,,,,,,,,,,,,
,,,,,,,,,,,,,,,,
,,,,,,,,,,,,,,,,
,,,,,,,,,,,,,,,,
,,,,,,,,,,,,,,,,
,,,,,,,,,,,,,,,,
,,,,,,,,,,,,,,,,
,,,,,,,,,,,,,,,,
,,,,,,,,,,,,,,,,
,,,,,,,,,,,,,,,,
,,,,,,,,,,,,,,,,
,,,,,,,,,,,,,,,,
,,,,,,,,,,,,,,,,
,,,,,,,,,,,,,,,,
,,,,,,,,,,,,,,,,
,,,,,,,,,,,,,,,,
,,,,,,,,,,,,,,,,
,,,,,,,,,,,,,,,,
,,,,,,,,,,,,,,,,
,,,,,,,,,,,,,,,,
,,,,,,,,,,,,,,,,
,,,,,,,,,,,,,,,,
,,,,,,,,,,,,,,,,
,,,,,,,,,,,,,,,,
,,,,,,,,,,,,,,,,
,,,,,,,,,,,,,,,,
,,,,,,,,,,,,,,,,
,,,,,,,,,,,,,,,,
,,,,,,,,,,,,,,,,
,,,,,,,,,,,,,,,,
,,,,,,,,,,,,,,,,
,,,,,,,,,,,,,,,,
,,,,,,,,,,,,,,,,
,,,,,,,,,,,,,,,,
,,,,,,,,,,,,,,,,
,,,,,,,,,,,,,,,,
,,,,,,,,,,,,,,,,
,,,,,,,,,,,,,,,,
,,,,,,,,,,,,,,,,
,,,,,,,,,,,,,,,,
,,,,,,,,,,,,,,,,
,,,,,,,,,,,,,,,,
,,,,,,,,,,,,,,,,
,,,,,,,,,,,,,,,,
,,,,,,,,,,,,,,,,
,,,,,,,,,,,,,,,,
,,,,,,,,,,,,,,,,
,,,,,,,,,,,,,,,,
,,,,,,,,,,,,,,,,
,,,,,,,,,,,,,,,,
,,,,,,,,,,,,,,,,
,,,,,,,,,,,,,,,,
,,,,,,,,,,,,,,,,
,,,,,,,,,,,,,,,,
,,,,,,,,,,,,,,,,
,,,,,,,,,,,,,,,,
,,,,,,,,,,,,,,,,
,,,,,,,,,,,,,,,,
,,,,,,,,,,,,,,,,
,,,,,,,,,,,,,,,,
,,,,,,,,,,,,,,,,
,,,,,,,,,,,,,,,,
,,,,,,,,,,,,,,,,
,,,,,,,,,,,,,,,,
,,,,,,,,,,,,,,,,
,,,,,,,,,,,,,,,,
,,,,,,,,,,,,,,,,
,,,,,,,,,,,,,,,,
,,,,,,,,,,,,,,,,
,,,,,,,,,,,,,,,,
,,,,,,,,,,,,,,,,
,,,,,,,,,,,,,,,,
,,,,,,,,,,,,,,,,
,,,,,,,,,,,,,,,,
,,,,,,,,,,,,,,,,
,,,,,,,,,,,,,,,,
,,,,,,,,,,,,,,,,
,,,,,,,,,,,,,,,,
,,,,,,,,,,,,,,,,
,,,,,,,,,,,,,,,,
,,,,,,,,,,,,,,,,
,,,,,,,,,,,,,,,,
,,,,,,,,,,,,,,,,
,,,,,,,,,,,,,,,,
,,,,,,,,,,,,,,,,
,,,,,,,,,,,,,,,,
,,,,,,,,,,,,,,,,
,,,,,,,,,,,,,,,,
,,,,,,,,,,,,,,,,
,,,,,,,,,,,,,,,,
,,,,,,,,,,,,,,,,
,,,,,,,,,,,,,,,,
,,,,,,,,,,,,,,,,
,,,,,,,,,,,,,,,,
,,,,,,,,,,,,,,,,
,,,,,,,,,,,,,,,,
,,,,,,,,,,,,,,,,
,,,,,,,,,,,,,,,,
,,,,,,,,,,,,,,,,
,,,,,,,,,,,,,,,,
,,,,,,,,,,,,,,,,
,,,,,,,,,,,,,,,,
,,,,,,,,,,,,,,,,
,,,,,,,,,,,,,,,,
,,,,,,,,,,,,,,,,
,,,,,,,,,,,,,,,,
,,,,,,,,,,,,,,,,
,,,,,,,,,,,,,,,,
,,,,,,,,,,,,,,,,
,,,,,,,,,,,,,,,,
,,,,,,,,,,,,,,,,
,,,,,,,,,,,,,,,,
,,,,,,,,,,,,,,,,
,,,,,,,,,,,,,,,,
,,,,,,,,,,,,,,,,
,,,,,,,,,,,,,,,,
,,,,,,,,,,,,,,,,
,,,,,,,,,,,,,,,,
,,,,,,,,,,,,,,,,
,,,,,,,,,,,,,,,,
,,,,,,,,,,,,,,,,
,,,,,,,,,,,,,,,,
,,,,,,,,,,,,,,,,
,,,,,,,,,,,,,,,,
,,,,,,,,,,,,,,,,
,,,,,,,,,,,,,,,,
,,,,,,,,,,,,,,,,
,,,,,,,,,,,,,,,,
,,,,,,,,,,,,,,,,
,,,,,,,,,,,,,,,,
,,,,,,,,,,,,,,,,
,,,,,,,,,,,,,,,,
,,,,,,,,,,,,,,,,
,,,,,,,,,,,,,,,,
,,,,,,,,,,,,,,,,
,,,,,,,,,,,,,,,,
,,,,,,,,,,,,,,,,
,,,,,,,,,,,,,,,,
,,,,,,,,,,,,,,,,
,,,,,,,,,,,,,,,,
,,,,,,,,,,,,,,,,
,,,,,,,,,,,,,,,,
,,,,,,,,,,,,,,,,
,,,,,,,,,,,,,,,,
,,,,,,,,,,,,,,,,
,,,,,,,,,,,,,,,,
,,,,,,,,,,,,,,,,
,,,,,,,,,,,,,,,,
,,,,,,,,,,,,,,,,
,,,,,,,,,,,,,,,,
,,,,,,,,,,,,,,,,
,,,,,,,,,,,,,,,,
,,,,,,,,,,,,,,,,
,,,,,,,,,,,,,,,,
,,,,,,,,,,,,,,,,
,,,,,,,,,,,,,,,,
,,,,,,,,,,,,,,,,
,,,,,,,,,,,,,,,,
,,,,,,,,,,,,,,,,
,,,,,,,,,,,,,,,,
,,,,,,,,,,,,,,,,
,,,,,,,,,,,,,,,,
,,,,,,,,,,,,,,,,
,,,,,,,,,,,,,,,,
,,,,,,,,,,,,,,,,
,,,,,,,,,,,,,,,,
,,,,,,,,,,,,,,,,
,,,,,,,,,,,,,,,,
,,,,,,,,,,,,,,,,
,,,,,,,,,,,,,,,,
,,,,,,,,,,,,,,,,
,,,,,,,,,,,,,,,,
,,,,,,,,,,,,,,,,
,,,,,,,,,,,,,,,,
,,,,,,,,,,,,,,,,
,,,,,,,,,,,,,,,,
,,,,,,,,,,,,,,,,
,,,,,,,,,,,,,,,,
,,,,,,,,,,,,,,,,
,,,,,,,,,,,,,,,,
,,,,,,,,,,,,,,,,
,,,,,,,,,,,,,,,,
,,,,,,,,,,,,,,,,
,,,,,,,,,,,,,,,,
,,,,,,,,,,,,,,,,
,,,,,,,,,,,,,,,,
,,,,,,,,,,,,,,,,
,,,,,,,,,,,,,,,,
,,,,,,,,,,,,,,,,
,,,,,,,,,,,,,,,,
,,,,,,,,,,,,,,,,
,,,,,,,,,,,,,,,,
,,,,,,,,,,,,,,,,
,,,,,,,,,,,,,,,,
,,,,,,,,,,,,,,,,
,,,,,,,,,,,,,,,,
,,,,,,,,,,,,,,,,
,,,,,,,,,,,,,,,,
,,,,,,,,,,,,,,,,
,,,,,,,,,,,,,,,,
,,,,,,,,,,,,,,,,
,,,,,,,,,,,,,,,,
,,,,,,,,,,,,,,,,
,,,,,,,,,,,,,,,,
,,,,,,,,,,,,,,,,
,,,,,,,,,,,,,,,,
,,,,,,,,,,,,,,,,
,,,,,,,,,,,,,,,,
,,,,,,,,,,,,,,,,
,,,,,,,,,,,,,,,,
,,,,,,,,,,,,,,,,
,,,,,,,,,,,,,,,,
,,,,,,,,,,,,,,,,
,,,,,,,,,,,,,,,,
,,,,,,,,,,,,,,,,
,,,,,,,,,,,,,,,,
,,,,,,,,,,,,,,,,
,,,,,,,,,,,,,,,,
,,,,,,,,,,,,,,,,
,,,,,,,,,,,,,,,,
,,,,,,,,,,,,,,,,
,,,,,,,,,,,,,,,,
,,,,,,,,,,,,,,,,
,,,,,,,,,,,,,,,,
,,,,,,,,,,,,,,,,
,,,,,,,,,,,,,,,,
,,,,,,,,,,,,,,,,
,,,,,,,,,,,,,,,,
,,,,,,,,,,,,,,,,
,,,,,,,,,,,,,,,,
,,,,,,,,,,,,,,,,
,,,,,,,,,,,,,,,,
,,,,,,,,,,,,,,,,
,,,,,,,,,,,,,,,,
,,,,,,,,,,,,,,,,
,,,,,,,,,,,,,,,,
,,,,,,,,,,,,,,,,
,,,,,,,,,,,,,,,,
,,,,,,,,,,,,,,,,
,,,,,,,,,,,,,,,,
,,,,,,,,,,,,,,,,
,,,,,,,,,,,,,,,,
,,,,,,,,,,,,,,,,
,,,,,,,,,,,,,,,,
,,,,,,,,,,,,,,,,
,,,,,,,,,,,,,,,,
,,,,,,,,,,,,,,,,
,,,,,,,,,,,,,,,,
,,,,,,,,,,,,,,,,
,,,,,,,,,,,,,,,,
,,,,,,,,,,,,,,,,
,,,,,,,,,,,,,,,,
,,,,,,,,,,,,,,,,
,,,,,,,,,,,,,,,,
,,,,,,,,,,,,,,,,
,,,,,,,,,,,,,,,,
,,,,,,,,,,,,,,,,
,,,,,,,,,,,,,,,,
,,,,,,,,,,,,,,,,
,,,,,,,,,,,,,,,,
,,,,,,,,,,,,,,,,
,,,,,,,,,,,,,,,,
,,,,,,,,,,,,,,,,
,,,,,,,,,,,,,,,,
,,,,,,,,,,,,,,,,
,,,,,,,,,,,,,,,,
,,,,,,,,,,,,,,,,
,,,,,,,,,,,,,,,,
,,,,,,,,,,,,,,,,
,,,,,,,,,,,,,,,,
,,,,,,,,,,,,,,,,
,,,,,,,,,,,,,,,,
,,,,,,,,,,,,,,,,
,,,,,,,,,,,,,,,,
,,,,,,,,,,,,,,,,
,,,,,,,,,,,,,,,,
,,,,,,,,,,,,,,,,
,,,,,,,,,,,,,,,,
,,,,,,,,,,,,,,,,
,,,,,,,,,,,,,,,,
,,,,,,,,,,,,,,,,
,,,,,,,,,,,,,,,,
,,,,,,,,,,,,,,,,
,,,,,,,,,,,,,,,,
,,,,,,,,,,,,,,,,
,,,,,,,,,,,,,,,,
,,,,,,,,,,,,,,,,
,,,,,,,,,,,,,,,,
,,,,,,,,,,,,,,,,
,,,,,,,,,,,,,,,,
,,,,,,,,,,,,,,,,
,,,,,,,,,,,,,,,,
,,,,,,,,,,,,,,,,
,,,,,,,,,,,,,,,,
,,,,,,,,,,,,,,,,
,,,,,,,,,,,,,,,,
,,,,,,,,,,,,,,,,
,,,,,,,,,,,,,,,,
,,,,,,,,,,,,,,,,
,,,,,,,,,,,,,,,,
,,,,,,,,,,,,,,,,
,,,,,,,,,,,,,,,,
,,,,,,,,,,,,,,,,
,,,,,,,,,,,,,,,,
,,,,,,,,,,,,,,,,
,,,,,,,,,,,,,,,,
,,,,,,,,,,,,,,,,
,,,,,,,,,,,,,,,,
,,,,,,,,,,,,,,,,
,,,,,,,,,,,,,,,,
,,,,,,,,,,,,,,,,
,,,,,,,,,,,,,,,,
,,,,,,,,,,,,,,,,
,,,,,,,,,,,,,,,,
,,,,,,,,,,,,,,,,
,,,,,,,,,,,,,,,,
,,,,,,,,,,,,,,,,
,,,,,,,,,,,,,,,,
,,,,,,,,,,,,,,,,
,,,,,,,,,,,,,,,,
,,,,,,,,,,,,,,,,
,,,,,,,,,,,,,,,,
,,,,,,,,,,,,,,,,
,,,,,,,,,,,,,,,,
,,,,,,,,,,,,,,,,
,,,,,,,,,,,,,,,,
,,,,,,,,,,,,,,,,
,,,,,,,,,,,,,,,,
,,,,,,,,,,,,,,,,
,,,,,,,,,,,,,,,,
,,,,,,,,,,,,,,,,
,,,,,,,,,,,,,,,,
,,,,,,,,,,,,,,,,
,,,,,,,,,,,,,,,,
,,,,,,,,,,,,,,,,
,,,,,,,,,,,,,,,,
,,,,,,,,,,,,,,,,
,,,,,,,,,,,,,,,,
,,,,,,,,,,,,,,,,
,,,,,,,,,,,,,,,,
,,,,,,,,,,,,,,,,
,,,,,,,,,,,,,,,,
,,,,,,,,,,,,,,,,
,,,,,,,,,,,,,,,,
,,,,,,,,,,,,,,,,
,,,,,,,,,,,,,,,,
,,,,,,,,,,,,,,,,
,,,,,,,,,,,,,,,,
,,,,,,,,,,,,,,,,
,,,,,,,,,,,,,,,,
,,,,,,,,,,,,,,,,
,,,,,,,,,,,,,,,,
,,,,,,,,,,,,,,,,
,,,,,,,,,,,,,,,,
,,,,,,,,,,,,,,,,
,,,,,,,,,,,,,,,,
,,,,,,,,,,,,,,,,
,,,,,,,,,,,,,,,,
,,,,,,,,,,,,,,,,
,,,,,,,,,,,,,,,,
,,,,,,,,,,,,,,,,
,,,,,,,,,,,,,,,,
,,,,,,,,,,,,,,,,
,,,,,,,,,,,,,,,,
,,,,,,,,,,,,,,,,
,,,,,,,,,,,,,,,,
,,,,,,,,,,,,,,,,
,,,,,,,,,,,,,,,,
,,,,,,,,,,,,,,,,
,,,,,,,,,,,,,,,,
,,,,,,,,,,,,,,,,
,,,,,,,,,,,,,,,,
,,,,,,,,,,,,,,,,
,,,,,,,,,,,,,,,,
,,,,,,,,,,,,,,,,
,,,,,,,,,,,,,,,,
,,,,,,,,,,,,,,,,
,,,,,,,,,,,,,,,,
,,,,,,,,,,,,,,,,
,,,,,,,,,,,,,,,,
,,,,,,,,,,,,,,,,
,,,,,,,,,,,,,,,,
,,,,,,,,,,,,,,,,
,,,,,,,,,,,,,,,,
,,,,,,,,,,,,,,,,
,,,,,,,,,,,,,,,,
,,,,,,,,,,,,,,,,
,,,,,,,,,,,,,,,,
,,,,,,,,,,,,,,,,
,,,,,,,,,,,,,,,,
,,,,,,,,,,,,,,,,
,,,,,,,,,,,,,,,,
,,,,,,,,,,,,,,,,
,,,,,,,,,,,,,,,,
,,,,,,,,,,,,,,,,
,,,,,,,,,,,,,,,,
,,,,,,,,,,,,,,,,
,,,,,,,,,,,,,,,,
,,,,,,,,,,,,,,,,
,,,,,,,,,,,,,,,,
,,,,,,,,,,,,,,,,
,,,,,,,,,,,,,,,,
,,,,,,,,,,,,,,,,
,,,,,,,,,,,,,,,,
,,,,,,,,,,,,,,,,
,,,,,,,,,,,,,,,,
,,,,,,,,,,,,,,,,
,,,,,,,,,,,,,,,,
,,,,,,,,,,,,,,,,
,,,,,,,,,,,,,,,,
,,,,,,,,,,,,,,,,
,,,,,,,,,,,,,,,,
,,,,,,,,,,,,,,,,
,,,,,,,,,,,,,,,,
,,,,,,,,,,,,,,,,
,,,,,,,,,,,,,,,,
,,,,,,,,,,,,,,,,
,,,,,,,,,,,,,,,,
,,,,,,,,,,,,,,,,
,,,,,,,,,,,,,,,,
,,,,,,,,,,,,,,,,
,,,,,,,,,,,,,,,,
,,,,,,,,,,,,,,,,
,,,,,,,,,,,,,,,,
,,,,,,,,,,,,,,,,
,,,,,,,,,,,,,,,,
,,,,,,,,,,,,,,,,
,,,,,,,,,,,,,,,,
,,,,,,,,,,,,,,,,
,,,,,,,,,,,,,,,,
,,,,,,,,,,,,,,,,
,,,,,,,,,,,,,,,,
,,,,,,,,,,,,,,,,
,,,,,,,,,,,,,,,,
,,,,,,,,,,,,,,,,
,,,,,,,,,,,,,,,,
,,,,,,,,,,,,,,,,
,,,,,,,,,,,,,,,,
,,,,,,,,,,,,,,,,
,,,,,,,,,,,,,,,,
,,,,,,,,,,,,,,,,
,,,,,,,,,,,,,,,,
,,,,,,,,,,,,,,,,
,,,,,,,,,,,,,,,,
,,,,,,,,,,,,,,,,
,,,,,,,,,,,,,,,,
,,,,,,,,,,,,,,,,
,,,,,,,,,,,,,,,,
,,,,,,,,,,,,,,,,
,,,,,,,,,,,,,,,,
,,,,,,,,,,,,,,,,
,,,,,,,,,,,,,,,,
,,,,,,,,,,,,,,,,
,,,,,,,,,,,,,,,,
,,,,,,,,,,,,,,,,
,,,,,,,,,,,,,,,,
,,,,,,,,,,,,,,,,